"ID","First Name","Last Name","Title","Email","Phone","Company","Website","Industry","Company Size","Location","Country","Rating","Reviews","Address","Website Quality Score","Opportunity Score","Status","Source","LinkedIn","Notes","Created At"
"81","","","","","(480) 867-4607","Your Gilbert Electrician - Electrical Service & Repairs","www.yourgilbertelectrician.com","Home Services","1-10","1001 S Cheshire Ln, Gilbert, AZ 85296, USA","US","5","40","1001 S Cheshire Ln, Gilbert, AZ 85296, USA","","0","new","google_places","","Description: Your Gilbert Electrician offers comprehensive electrical service and repairs for residential and commercial clients, focusing on reliable installations, upgrades, and troubleshooting in the Gilbert, AZ area. Services: Electrical repairs, new installations, panel upgrades, lighting installation & repair, ceiling fan installation, outlet & switch services, wiring, troubleshooting, safety inspections, home remodels electrical, commercial electrical services. Specialties: Licensed, bonded, and insured electrical services; prompt and reliable service; comprehensive solutions for both residential and commercial electrical needs; local expertise in Gilbert, AZ. Target Market: Homeowners and businesses in Gilbert, AZ, and surrounding East Valley communities. Description: Your Gilbert Electrician is a local, family-owned electrical contractor offering comprehensive residential and commercial electrical services in Gilbert, AZ, and surrounding areas. Services: Electrical panel upgrades, wiring, lighting installation, ceiling fan installation, outlet & switch repair/installation, EV charger installation, smart home integration, troubleshooting & repairs, surge protection, commercial tenant improvements, new construction electrical. Specialties: Residential and commercial electrical repairs and installations, electrical panel upgrades, EV charger installations, smart home integration, licensed, bonded, and insured service. Target Market: Homeowners and businesses in Gilbert, AZ, and surrounding communities.","2026-02-28T07:47:04.000Z"
"82","","","","douglas@dweinc.us","(480) 489-4006","Douglas Wright Electric","www.dweinc.us","Home Services","11-50","3653 E Flower St, Gilbert, AZ 85298, USA","US","5","65","3653 E Flower St, Gilbert, AZ 85298, USA","","0","new","google_places","","Description: Douglas Wright Electric, Inc. is a full-service electrical contractor based in Arizona, offering comprehensive residential and commercial electrical services since 1993. Services: Residential electrical services (new construction, remodels, troubleshooting, panel upgrades, lighting, EV chargers, home automation wiring), Commercial electrical services (new construction, tenant improvements, system upgrades, lighting solutions, data/communication wiring, generator installation). Specialties: Full-service electrical contractor for both residential and commercial sectors, licensed, bonded, and insured, with expertise in new installations, remodels, repairs, and upgrades including modern solutions like EV charger installation. Target Market: Residential homeowners and commercial businesses throughout Arizona. Description: Douglas Wright Electric Inc. is a family-owned and operated electrical contractor based in Gilbert, AZ. They provide comprehensive electrical services for residential, commercial, and industrial clients. Services: Residential electrical services (service upgrades, lighting installation, troubleshooting, EV charger installation, smart home integration), Commercial electrical services (tenant improvements, new construction, lighting maintenance, electrical panel upgrades), Industrial electrical services (machine wiring, control panel installation, motor controls, high voltage work). Specialties: Family-owned and operated, over 20 years of experience, comprehensive electrical solutions for residential, commercial, and industrial sectors, expertise in areas like smart home integration and high-voltage industrial work. Target Market: Residential homeowners, commercial businesses, and industrial facilities in Gilbert, AZ, and surrounding areas.","2026-02-28T07:47:04.000Z"
"83","","","","casey@fireflyelectricaz.com","(480) 329-8483","Firefly Electric and Solar","fireflyelectricaz.com/?utm_source=google&utm_medium=organic&utm_campaign=gbp","Home Services","11-50","300 N Pasadena St # 102, Gilbert, AZ 85233, USA","US","4.9","210","300 N Pasadena St # 102, Gilbert, AZ 85233, USA","","0","new","google_places","","Description: Firefly Electric and Solar is a family-owned and operated company based in Gilbert, AZ, providing comprehensive electrical and solar solutions for residential and commercial clients across the Phoenix Valley. Services: Residential electrical services, Commercial electrical services, Electrical panel upgrades, EV charger installation, Lighting installation, Outlet and switch services, Wiring and rewiring, Electrical troubleshooting and repair, Whole home surge protection, Generator installation and repair, Solar panel installation, Solar panel repair, Battery storage solutions. Specialties: Family-owned and operated, Master Electrician owner, Licensed/bonded/insured, Comprehensive electrical and solar services, Focus on integrity and customer service. Target Market: Residential and commercial clients in the Phoenix Valley, Arizona. Description: Firefly Electric and Solar is a locally owned and operated company providing comprehensive electrical and solar services to residential and commercial clients in Gilbert, AZ and the surrounding East Valley. Services: Residential Electrical Services, Commercial Electrical Services, Solar Panel Installation, Electrical Panel Upgrades, EV Charger Installation, Home Rewiring, Lighting Installation, Electrical Troubleshooting and Repairs Specialties: Licensed and insured electricians, locally owned and operated, comprehensive electrical and solar solutions, strong focus on customer satisfaction and safety Target Market: Residential and commercial clients in Gilbert, AZ and the surrounding East Valley cities","2026-02-28T07:47:04.000Z"
"84","","","","info@dodgeelectric.com","(480) 210-6058","Dodge Electric","dodgeelectric.com/?utm_campaign=gmb","Home Services","1-10","3215 N Arizona Ave Suite B12, Chandler, AZ 85225, USA","US","4.9","324","3215 N Arizona Ave Suite B12, Chandler, AZ 85225, USA","","0","new","google_places","","Description: Dodge Electric is a family-owned electrical contractor in Chandler, AZ, offering comprehensive residential and commercial electrical services, including installations, repairs, and upgrades, across the greater Phoenix Metro Area. Services: Residential electrical services (e.g., panel upgrades, lighting, EV chargers, smart home, troubleshooting), Commercial electrical services (e.g., lighting, panel upgrades, wiring, safety inspections, generators). Specialties: Licensed, bonded, and insured; family-owned and operated; experienced master electricians; upfront pricing; satisfaction guarantee; emergency services; serves both residential and commercial sectors. Target Market: Residential homeowners and commercial businesses in the Phoenix Metro Area, including Chandler, Gilbert, Mesa, Tempe, and Scottsdale. Description: Dodge Electric is a family-owned and operated electrical contractor based in Chandler, AZ, providing comprehensive residential and commercial electrical services across the greater Phoenix metropolitan area. Services: Electrical Repair, Panel Upgrades, Lighting Installation, Wiring, EV Charger Installation, Smart Home Installation, Generator Installation, Outlets & Switches, Data & Communication Wiring, New Construction Wiring. Specialties: Residential and Commercial Electrical Expertise, EV Charger Installation, Smart Home Integration, Generator Services, Licensed, Bonded & Insured. Target Market: Residential homeowners and commercial businesses in Chandler, AZ, and surrounding Phoenix metropolitan areas.","2026-02-28T07:47:04.000Z"
"85","","","","service@myazelectrician.com","(623) 363-5648","My AZ Electrician LLC","myazelectrician.com","Home Services","1-10","7558 W Thunderbird Rd Suite 1-421, Peoria, AZ 85381, USA","US","4.9","374","7558 W Thunderbird Rd Suite 1-421, Peoria, AZ 85381, USA","","0","new","google_places","","Description: My AZ Electrician LLC is a family-owned and operated electrical contractor based in Peoria, AZ, providing comprehensive residential and commercial electrical services across the greater Phoenix area. Services: Residential electrical services (electrical panel upgrades, lighting installation, EV charger installation, wiring upgrades, troubleshooting, safety inspections) and commercial electrical services (lighting solutions, electrical panel upgrades, wiring, generator installation, data wiring, safety inspections). Specialties: Family-owned and operated, comprehensive residential and commercial electrical solutions, electrical panel upgrades, EV charger installation, serving the greater Phoenix area. Target Market: Homeowners and businesses in Peoria, Glendale, Surprise, Sun City, and the greater Phoenix metropolitan area. Description: My AZ Electrician LLC is a family-owned and operated electrical service company providing comprehensive residential and commercial electrical solutions in Peoria, AZ and the Phoenix West Valley. Services: Residential electrical services (panel upgrades, wiring, lighting, EV charger installation, smart home devices, safety inspections), commercial electrical services (lighting, maintenance, tenant improvements), and 24/7 emergency electrical services. Specialties: 24/7 emergency services, licensed, bonded, and insured, family-owned and operated, EV charger installation, smart home device integration. Target Market: Homeowners and businesses in Peoria, Glendale, Surprise, Sun City, and the Phoenix West Valley.","2026-02-28T07:47:04.000Z"
"86","","","","office@thewireguyelectric.com","(602) 769-7892","The Wire Guy Electric","thewireguyelectric.com","Home Services","1-10","1321 N 65th St, Mesa, AZ 85205, USA","US","5","375","1321 N 65th St, Mesa, AZ 85205, USA","","0","new","google_places","","Description: The Wire Guy Electric is a veteran-owned and operated full-service electrical contractor based in Mesa, AZ, providing residential and commercial electrical services. Services: Electrical Panel Upgrades, Electrical Service & Repair, Lighting Installation, Ceiling Fan Installation, Outlet & Switch Installation, Wiring, Whole Home Surge Protection, EV Charger Installation, Electrical Safety Inspections Specialties: Veteran-owned and operated, licensed, bonded, and insured, full-service residential and commercial electrical contractor Target Market: Residential and commercial clients in Mesa, AZ, and surrounding areas Description: The Wire Guy Electric is a family-owned and operated electrical contractor providing licensed, bonded, and insured residential and commercial electrical services in Mesa, AZ, with a focus on quality and customer satisfaction. Services: Residential electrical installations and repairs, commercial electrical services, electrical panel upgrades, lighting solutions, EV charger installation, and 24/7 emergency electrical services. Specialties: Licensed, bonded, and insured, family-owned and operated, over 20 years of experience, 24/7 emergency services, and comprehensive residential and commercial electrical expertise. Target Market: Homeowners and businesses primarily in Mesa, AZ, and the surrounding East Valley area.","2026-02-28T07:47:04.000Z"
"87","","","","anthony@electriciansmesaaz.com","(480) 434-0777","Dolce Electric Co","electriciansmesaaz.com","Home Services","1-10","625 W Southern Ave #E239, Mesa, AZ 85210, USA","US","4.9","282","625 W Southern Ave #E239, Mesa, AZ 85210, USA","","0","new","google_places","","Description: Dolce Electric Co is a family-owned and operated electrical contractor providing comprehensive residential and commercial electrical services in Mesa, AZ, and surrounding areas since 1999. Services: Electrical repairs, new wiring, lighting installation, electrical panel upgrades, EV charger installation, surge protection, generator installation, and 24/7 emergency services. Specialties: 24/7 emergency service, licensed, bonded & insured, upfront pricing, satisfaction guaranteed, family-owned & operated. Target Market: Residential and commercial clients in Mesa, AZ, and surrounding communities. Description: Dolce Electric Co is a family-owned and operated residential electrical service company based in Mesa, AZ, providing a full range of electrical repairs, installations, and upgrades for homeowners. Services: Electrical repairs, electrical installations, electrical upgrades, electrical safety inspections, lighting installation, panel upgrades, circuit installation, ceiling fan installation, EV charger installation, GFCI outlets, smart home device setup, emergency electrical services. Specialties: Family-owned and operated, fully licensed and insured, expert residential electricians, upfront pricing, same-day electrical repairs, emergency services. Target Market: Homeowners in Mesa, Gilbert, Chandler, Tempe, Scottsdale, Apache Junction, Queen Creek, San Tan Valley, and surrounding East Valley areas of Arizona.","2026-02-28T07:47:04.000Z"
"88","","","","","(480) 798-3357","Blue State Electric LLC","www.bluestateelectric.com","Home Services","11-50","3400 N Arizona Ave #108, Chandler, AZ 85225, USA","US","5","171","3400 N Arizona Ave #108, Chandler, AZ 85225, USA","","0","new","google_places","","Description: Blue State Electric LLC is a family-owned and operated electrical contractor based in Chandler, AZ, providing comprehensive residential and commercial electrical services. Services: Electrical repairs, new construction wiring, panel upgrades, lighting installation, outlet & switch installation, ceiling fan installation, troubleshooting, smart home integration, EV charger installation, generator installation, electrical system design & installation, tenant improvement, lighting solutions, electrical maintenance, data & communication wiring, emergency lighting, surge protection, energy efficiency upgrades. Specialties: Licensed, bonded, and insured services; family-owned and operated; expertise in EV charger installation, smart home integration, and generator services for both residential and commercial clients. Target Market: Residential and commercial clients in Chandler, AZ, and surrounding areas. Description: Blue State Electric LLC is a locally owned and operated electrical contractor based in Chandler, AZ, providing comprehensive residential and commercial electrical services across the Phoenix-Metro area. Services: Electrical repairs, electrical panel upgrades, outlet & switch installation, lighting installation (recessed, LED, landscape), ceiling fan installation, whole home surge protection, EV charger installation, smart home integration, smoke detector installation, generator installation, wiring & rewiring, data & communication wiring, emergency lighting, signage lighting. Specialties: Licensed, bonded, and insured; expertise in EV charger installation, smart home integration, whole home surge protection, and data & communication wiring; local service with a focus on customer satisfaction. Target Market: Residential and commercial clients in the Phoenix-Metro area, Arizona.","2026-02-28T07:47:04.000Z"
"89","","","","mark.sowers@mrelectric.com","(480) 448-9332","Mr. Electric of Mesa, Gilbert & Chandler","mrelectric.com/mesa-gilbert-chandler?cid=LSTL_MRE000196&utm_source=gmb&utm_campaign=local&utm_medium=organic","Home Services","11-50","1235 S Gilbert Rd #21, Mesa, AZ 85204, USA","US","5","53","1235 S Gilbert Rd #21, Mesa, AZ 85204, USA","","0","new","google_places","","Description: Mr. Electric of Mesa, Gilbert & Chandler provides comprehensive residential and commercial electrical services, including repairs, installations, and upgrades, ensuring safe and efficient electrical systems. Services: Residential electrical services, commercial electrical services, electrical repairs, installations, upgrades, lighting solutions, panel upgrades, EV charger installation, surge protection, smart home services, wiring, and emergency electrical services. Specialties: Professionally trained and licensed electricians, upfront flat-rate pricing, guaranteed workmanship, 24/7 emergency services, and local ownership backed by a national brand. Target Market: Homeowners and businesses in Mesa, Gilbert, Chandler, and surrounding areas of Arizona. Description: Mr. Electric of Mesa, Gilbert & Chandler is a locally owned and operated electrical service provider offering reliable and professional electrical solutions for homes and businesses. Services: Residential electrical repairs and installations, commercial electrical services, lighting solutions, electrical panel upgrades, smart home installations, generator services, EV charger installations, and 24/7 emergency electrical services. Specialties: 24/7 emergency service, licensed and insured electricians, upfront pricing, focus on safety and quality, part of the national Mr. Electric franchise network. Target Market: Homeowners and businesses in Mesa, Gilbert, Chandler, and surrounding areas.","2026-02-28T07:47:04.000Z"
"90","","","","mark.sowers@mrelectric.com","(480) 582-1249","Mr. Electric of Phoenix Metro","mrelectric.com/phoenix-metro/?cid=LSTL_MRE000196&utm_source=gmb&utm_campaign=local&utm_medium=organic","Home Services","11-50","9831 S 51st St #C115, Phoenix, AZ 85044, USA","US","4.9","1245","9831 S 51st St #C115, Phoenix, AZ 85044, USA","","0","new","google_places","","Description: Mr. Electric of Phoenix Metro provides comprehensive residential and commercial electrical repair, installation, and upgrade services. They are a local franchise offering professional, licensed, and insured electricians to the Phoenix Metro area. Services: Residential electrical services (installations, repairs, upgrades, lighting, wiring, outlets, EV charger installation, surge protection, safety inspections), Commercial electrical services (repairs, installations, upgrades, code compliance, lighting solutions, generator installation), 24/7 emergency electrical service. Specialties: 24/7 emergency electrical services, licensed and insured electricians, upfront pricing, guaranteed workmanship, comprehensive residential and commercial solutions. Target Market: Homeowners and businesses in the Phoenix Metro area. Description: Mr. Electric of Phoenix Metro provides comprehensive residential and commercial electrical repair, installation, and upgrade services throughout the Phoenix Metro area. Services: Electrical repair, installation, upgrades, safety inspections, generator installation and repair, lighting solutions, EV charger installation, smart home automation, wiring, surge protection, panel upgrades. Specialties: 24/7 emergency services, upfront pricing, guaranteed workmanship, licensed and insured electricians, expertise in EV chargers and smart home technology. Target Market: Residential homeowners and commercial businesses in the Phoenix Metro area.","2026-02-28T07:47:04.000Z"
"71","","","","jimmy@pinonpainting.com","(928) 778-2902","Pinon Painting, LLC","www.pinonpainting.com","Home Services","1-10","1032 Fair St, Prescott, AZ 86305, USA","US","4.9","346","1032 Fair St, Prescott, AZ 86305, USA","","0","new","google_places","","Description: Pinon Painting, LLC is a family-owned and operated full-service residential and commercial painting company based in Prescott, AZ. Services: Residential Painting (Interior, Exterior, Cabinet Refinishing, Deck & Fence Staining, Pressure Washing), Commercial Painting (Interior, Exterior, New Construction) Specialties: Licensed, bonded, and insured; family-owned and operated; experienced and professional painters; focus on high-quality materials and customer satisfaction. Target Market: Residential and commercial clients in Prescott, Prescott Valley, Chino Valley, Dewey-Humboldt, and surrounding areas in Arizona. Description: Pinon Painting, LLC is a family-owned and operated painting company based in Prescott, AZ, offering comprehensive residential and commercial painting services. They are dedicated to providing superior interior and exterior painting solutions to their local community. Services: Interior Painting, Exterior Painting, Commercial Painting, Cabinet Painting, Deck & Fence Staining, Drywall Repair, Popcorn Ceiling Removal, Pressure Washing Specialties: Residential and commercial interior and exterior painting, local service for the Prescott area, family-owned and operated, licensed, bonded, and insured. Target Market: Homeowners and businesses in Prescott, Prescott Valley, Chino Valley, Dewey-Humboldt, and surrounding areas in Arizona.","2026-02-27T19:43:10.000Z"
"72","","","","","(928) 237-3941","Finishing Touch Painting","www.finishingtouchpaintingaz.com","Home Services","1-10","1030 Sandretto Dr suite j, Prescott, AZ 86305, USA","US","4.9","204","1030 Sandretto Dr suite j, Prescott, AZ 86305, USA","","0","new","google_places","","Description: Finishing Touch Painting is a locally owned and operated company in Prescott, AZ, specializing in high-quality residential and commercial painting services. Services: Interior Painting, Exterior Painting, Commercial Painting, Staining & Sealing, Drywall Repair, Power Washing, Cabinet Refinishing Specialties: Residential and commercial painting, licensed, bonded, and insured, local expertise, quality workmanship Target Market: Residential homeowners and commercial businesses in Prescott, AZ, and surrounding areas Description: Finishing Touch Painting is a family-owned and operated company based in Prescott, AZ, offering comprehensive interior and exterior painting services for both residential and commercial clients. Services: Interior Painting, Exterior Painting, Cabinet Refinishing, Commercial Painting, Drywall Repair, Staining & Sealing, Pressure Washing Specialties: Family-owned and operated, licensed, bonded, and insured, free estimates, attention to detail, quality craftsmanship, exceptional customer service. Target Market: Residential and commercial clients in Prescott and the Quad Cities area of Arizona.","2026-02-27T19:43:10.000Z"
"73","","","","","(928) 910-9593","Jr Painting LLC","jrpaintingaz.com","Home Services","1-10","8516 E State Rte 69 Suite F room 2, Prescott Valley, AZ 86314, USA","US","5","125","8516 E State Rte 69 Suite F room 2, Prescott Valley, AZ 86314, USA","","0","new","google_places","","Description: Jr Painting LLC is a family-owned and operated painting company based in Prescott Valley, AZ, offering a comprehensive range of interior, exterior, and commercial painting services. They focus on delivering high-quality craftsmanship and ensuring customer satisfaction for both residential and commercial clients. Services: Interior Painting, Exterior Painting, Commercial Painting, Cabinet Refinishing, Drywall Repair, Stucco Repair, Power Washing Specialties: Residential and Commercial Painting, Cabinet Refinishing, Stucco Repair, licensed, bonded, and insured Target Market: Residential homeowners and commercial businesses in Prescott Valley, AZ, and surrounding areas Description: Jr Painting LLC is a locally owned and operated company providing professional interior, exterior, residential, and commercial painting services in Prescott Valley, AZ. Services: Interior painting, Exterior painting, Residential painting, Commercial painting, Cabinet painting & refinishing, Drywall repair, Stucco repair, Power washing, Deck & fence staining Specialties: High-quality workmanship, Licensed and insured, Free estimates, Local expertise Target Market: Homeowners and businesses in Prescott Valley, AZ, and surrounding areas","2026-02-27T19:43:10.000Z"
"74","","","","","(928) 778-1575","J & J Painting","www.jandjpaintingprescott.com","Home Services","1-10","2530 W Copper Basin Rd, Prescott, AZ 86303, USA","US","4.4","30","2530 W Copper Basin Rd, Prescott, AZ 86303, USA","","0","new","google_places","","Description: J & J Painting is a family-owned and operated painting contractor based in Prescott, AZ, offering professional residential and commercial painting services since 2008. They are licensed, bonded, and insured, focusing on quality workmanship and customer satisfaction. Services: Interior Painting,Exterior Painting,Commercial Painting,Deck Staining & Sealing,Fence Staining & Sealing,Cabinet Refinishing,Power Washing,Drywall Repair Specialties: Residential Painting,Commercial Painting,Cabinet Refinishing,Deck & Fence Staining,Licensed, Bonded, and Insured Target Market: Homeowners and businesses in Prescott, Prescott Valley, and surrounding areas in Arizona Description: J & J Painting is a family-owned and operated business based in Prescott, AZ, specializing in professional interior, exterior, and commercial painting services. Services: Interior Painting, Exterior Painting, Commercial Painting, Cabinet Painting, Deck & Fence Staining Specialties: Licensed, bonded, and insured; family-owned and operated; local expertise; commitment to quality and customer satisfaction; free estimates. Target Market: Residential and commercial clients in Prescott, Prescott Valley, Chino Valley, Dewey, Mayer, and surrounding areas in Arizona.","2026-02-27T19:43:10.000Z"
"75","","","","","(928) 710-0891","Victor's Painting LLC","www.victorspaintingaz.com","Home Services","1-10","150 AZ-89 Ste. F, Chino Valley, AZ 86323, USA","US","5","21","150 AZ-89 Ste. F, Chino Valley, AZ 86323, USA","","0","new","google_places","","Description: Victor's Painting LLC is a family-owned and operated business offering professional residential and commercial painting services in Chino Valley, AZ, and surrounding areas. They specialize in transforming spaces with high-quality interior, exterior, and specialty painting solutions. Services: Interior Painting, Exterior Painting, Residential Painting, Commercial Painting, Cabinet Painting, Deck & Fence Staining, Pressure Washing Specialties: Family-owned and operated, comprehensive painting solutions including specialized services like cabinet painting and deck/fence staining, serving multiple communities in Northern Arizona. Target Market: Residential homeowners and commercial businesses in Chino Valley, Prescott, Prescott Valley, Sedona, Cottonwood, and surrounding regions of Arizona. Description: Victor's Painting LLC is a local, family-owned business providing comprehensive interior and exterior painting services for residential and commercial clients. They serve Chino Valley, Prescott, Prescott Valley, and surrounding communities in Arizona. Services: Interior Painting,Exterior Painting,Residential Painting,Commercial Painting,Drywall Repair,Cabinet Refinishing,Deck & Fence Staining,Power Washing Specialties: Residential Painting,Commercial Painting,Interior Painting,Exterior Painting,Family-Owned and Operated,Local Service Target Market: Residential and commercial property owners in Chino Valley, Prescott, Prescott Valley, and surrounding communities in Arizona.","2026-02-27T19:43:10.000Z"
"76","","","","info@division9painting.net","(928) 487-5919","DIVISION 9 PAINTING","www.division9painting.net","Home Services","1-10","442 Miller Valley Rd Ste 10431, Prescott, AZ 86301, USA","US","5","35","442 Miller Valley Rd Ste 10431, Prescott, AZ 86301, USA","","0","new","google_places","","Description: Division 9 Painting is a premier painting contractor based in Prescott, Arizona, specializing in high-quality interior and exterior painting for residential and commercial properties. Services: Interior painting, Exterior painting, Commercial painting, Residential painting, Cabinet painting, Drywall repair, Pressure washing, Staining & varnishing Specialties: High-quality craftsmanship, attention to detail, professionalism, customer satisfaction, and expertise in both residential and commercial painting projects. Target Market: Residential and commercial property owners in Prescott, Prescott Valley, Chino Valley, Dewey-Humboldt, and surrounding areas in Arizona. Description: Division 9 Painting is a locally owned and operated painting contractor based in Prescott, Arizona, offering high-quality residential and commercial painting services. Services: Interior Painting, Exterior Painting, Cabinet Refinishing, Deck & Fence Staining, Drywall Repair, Power Washing Specialties: High-quality craftsmanship, customer satisfaction, fully licensed and insured, and comprehensive painting-related services. Target Market: Residential and commercial clients in Prescott, Arizona, and surrounding areas","2026-02-27T19:43:10.000Z"
"77","","","","tmartin@certapro.com","(928) 433-2417","CertaPro Painters of Northern Arizona","certapro.com/northernaz/painters-prescott-az/?utm_source=google&utm_medium=organic&utm_campaign=gmb","Home Services","11-50","8766 E State Rte 69 Suite I, Prescott Valley, AZ 86314, USA","US","4.7","149","8766 E State Rte 69 Suite I, Prescott Valley, AZ 86314, USA","","0","new","google_places","","Description: CertaPro Painters of Northern Arizona is a locally owned and operated franchise offering comprehensive residential and commercial painting services across Northern Arizona, focusing on quality and customer satisfaction. Services: Interior Painting, Exterior Painting, Cabinet Painting, Drywall Repair, Wallpaper Removal, Pressure Washing, Staining & Sealing, Color Consultation Specialties: Residential and commercial painting expertise, free estimates, color consultation, professional project management, licensed and insured, local ownership, customer satisfaction guarantee Target Market: Homeowners and businesses in Prescott Valley, Prescott, Sedona, Flagstaff, Cottonwood, and surrounding Northern Arizona areas","2026-02-27T19:43:10.000Z"
"78","","","","info@sedonahousepainting.com","(928) 963-3689","Canyon Painting, LLC","sedonahousepainting.com/prescott-valley-painting-company/?utm_campaign=gmb-posts&utm_medium=organic&utm_source=local","Home Services","1-10","3131 N Robert Rd Suite 6, Prescott Valley, AZ 86314, USA","US","4.9","63","3131 N Robert Rd Suite 6, Prescott Valley, AZ 86314, USA","","0","new","google_places","","Description: Canyon Painting, LLC, operating as Sedona House Painting in the Prescott Valley area, is a professional painting contractor specializing in high-quality interior and exterior painting for both residential and commercial clients. Services: Interior Painting, Exterior Painting, Residential Painting, Commercial Painting, Cabinet Painting, Drywall Repair, Power Washing, Staining Specialties: Detailed preparation work, use of premium paints, experienced painters, focus on customer satisfaction, clean work environment, and comprehensive project management from start to finish. Target Market: Homeowners and businesses in Prescott Valley, AZ, and surrounding communities.","2026-02-27T19:43:10.000Z"
"79","","","","","(928) 899-6252","Listol Painting","listolpainting.com","Home Services","1-10","196 Sheffield Dr, Prescott, AZ 86303, USA","US","4.8","21","196 Sheffield Dr, Prescott, AZ 86303, USA","","0","new","google_places","","Description: Listol Painting is a family-owned and operated business based in Prescott, AZ, specializing in high-quality residential and commercial painting services. Services: Interior painting, exterior painting, cabinet refinishing, commercial painting Specialties: Detailed prep work, high-quality craftsmanship, licensed, bonded, and insured services Target Market: Homeowners and businesses in Prescott, Prescott Valley, Chino Valley, and Dewey-Humboldt, AZ Description: Listol Painting is a professional, locally owned and operated company based in Prescott, AZ, specializing in high-quality interior and exterior painting services for both residential and commercial properties. Services: Interior Painting, Exterior Painting, Residential Painting, Commercial Painting, Color Consultation Specialties: High-quality craftsmanship, professionalism, attention to detail, customer satisfaction, local expertise Target Market: Homeowners and businesses in Prescott, AZ, and surrounding areas","2026-02-27T19:43:10.000Z"
"80","","","","","(928) 775-5858","Copperstate Painters LLC","www.copperstatepainters.com","Home Services","1-10","4684 N Custer Cir, Prescott Valley, AZ 86314, USA","US","5","55","4684 N Custer Cir, Prescott Valley, AZ 86314, USA","","0","new","google_places","","Description: Copperstate Painters LLC is a family-owned and operated painting company based in Prescott Valley, AZ, offering comprehensive residential and commercial painting services. Services: Residential Interior Painting, Residential Exterior Painting, Commercial Interior Painting, Commercial Exterior Painting, Cabinet Refinishing, Deck & Fence Staining, Power Washing Specialties: Family-owned and operated, comprehensive painting solutions, quality craftsmanship, local service in the Quad Cities area Target Market: Homeowners and businesses in Prescott Valley, the Quad Cities, and surrounding areas Description: Copperstate Painters LLC is a locally owned and operated company based in Prescott Valley, AZ, specializing in residential and commercial painting services. They are committed to delivering exceptional results and customer satisfaction. Services: Residential Painting, Commercial Painting, Interior Painting, Exterior Painting, Cabinet Painting, Deck Staining, Drywall Repair Specialties: Residential Painting, Commercial Painting, Cabinet Painting, Deck Staining, Drywall Repair, local expertise, quality craftsmanship Target Market: Homeowners and businesses in Prescott Valley, AZ, and surrounding areas","2026-02-27T19:43:10.000Z"
"61","","","","","(480) 426-0885","Scottsdale Roofing and Gutters","www.scottsdaleroofingandgutters.com","Home Services","","8075 E Morgan Trail, Scottsdale, AZ 85258, USA","US","5","127","8075 E Morgan Trail, Scottsdale, AZ 85258, USA","","0","new","google_places","","","2026-02-27T04:20:57.000Z"
"62","","","","","(480) 506-0678","Scottsdale Roofing","roofing-scottsdale.com","Home Services","","14000 N 94th St UNIT 3139, Scottsdale, AZ 85260, USA","US","5","39","14000 N 94th St UNIT 3139, Scottsdale, AZ 85260, USA","","0","new","google_places","","","2026-02-27T04:20:57.000Z"
"63","","","","speoples@koreroofing.com","(480) 470-5848","Kore Roofing","www.koreroofing.com","Home Services","","4241 N Winfield Scott Plaza #201, Scottsdale, AZ 85251, USA","US","4.9","211","4241 N Winfield Scott Plaza #201, Scottsdale, AZ 85251, USA","","0","new","google_places","","","2026-02-27T04:20:57.000Z"
"64","","","","","(602) 909-0178","Ironwood Roofing","ironwoodroofing.com","Home Services","","20802 N Grayhawk Dr, Scottsdale, AZ 85255, USA","US","4.9","229","20802 N Grayhawk Dr, Scottsdale, AZ 85255, USA","","0","new","google_places","","","2026-02-27T04:20:57.000Z"
"65","","","","erik@unitedcontractinggroup.com","(602) 962-8428","United Roofing and General Contracting","www.unitedcontractinggroup.com","Home Services","","7729 E Greenway Rd # 100, Scottsdale, AZ 85260, USA","US","4.9","268","7729 E Greenway Rd # 100, Scottsdale, AZ 85260, USA","","0","new","google_places","","","2026-02-27T04:20:57.000Z"
"66","","","","john@irishroofingcompany.com","(480) 613-8815","Irish Roofing Company","www.irishroofingcompany.com","Home Services","","7377 E Doubletree Ranch Rd a 280, Scottsdale, AZ 85258, USA","US","4.9","173","7377 E Doubletree Ranch Rd a 280, Scottsdale, AZ 85258, USA","","0","new","google_places","","","2026-02-27T04:20:57.000Z"
"67","","","","info@tiptoproofingservice.com","(480) 877-1643","Tip Top Roofing Service","tiptoproofingservice.com","Home Services","","6830 E 5th Ave Suite #205, Scottsdale, AZ 85251, USA","US","5","111","6830 E 5th Ave Suite #205, Scottsdale, AZ 85251, USA","","0","new","google_places","","","2026-02-27T04:20:57.000Z"
"68","","","","admin@acclaimedroofingaz.com","(480) 454-7033","Acclaimed Roofing Scottsdale | Residential & Commercial","acclaimedroofingaz.com","Home Services","","6619 N Scottsdale Rd #7, Scottsdale, AZ 85250, USA","US","4.9","121","6619 N Scottsdale Rd #7, Scottsdale, AZ 85250, USA","","0","new","google_places","","","2026-02-27T04:20:57.000Z"
"69","","","","casey@hailcoroofing.com","(480) 582-3122","Hailco Roofing","hailcoroofing.com","Home Services","","7655 E Redfield Rd STE 130, Scottsdale, AZ 85260, USA","US","4.9","238","7655 E Redfield Rd STE 130, Scottsdale, AZ 85260, USA","","0","new","google_places","","","2026-02-27T04:20:57.000Z"
"70","","","","","(480) 716-4437","Scottsdale Roofing Solutions","scottsdaleroofingsolutions.com","Home Services","","6300 N Scottsdale Rd, Scottsdale, AZ 85253, USA","US","5","19","6300 N Scottsdale Rd, Scottsdale, AZ 85253, USA","","0","new","google_places","","","2026-02-27T04:20:57.000Z"
"51","","","","","(480) 426-0885","Scottsdale Roofing and Gutters","www.scottsdaleroofingandgutters.com","Home Services","","8075 E Morgan Trail, Scottsdale, AZ 85258, USA","US","5","127","8075 E Morgan Trail, Scottsdale, AZ 85258, USA","","0","new","google_places","","","2026-02-27T03:33:52.000Z"
"52","","","","","(480) 506-0678","Scottsdale Roofing","roofing-scottsdale.com","Home Services","","14000 N 94th St UNIT 3139, Scottsdale, AZ 85260, USA","US","5","39","14000 N 94th St UNIT 3139, Scottsdale, AZ 85260, USA","","0","new","google_places","","","2026-02-27T03:33:52.000Z"
"53","","","","speoples@koreroofing.com","(480) 470-5848","Kore Roofing","www.koreroofing.com","Home Services","","4241 N Winfield Scott Plaza #201, Scottsdale, AZ 85251, USA","US","4.9","211","4241 N Winfield Scott Plaza #201, Scottsdale, AZ 85251, USA","","0","new","google_places","","","2026-02-27T03:33:52.000Z"
"54","","","","","(602) 909-0178","Ironwood Roofing","ironwoodroofing.com","Home Services","","20802 N Grayhawk Dr, Scottsdale, AZ 85255, USA","US","4.9","229","20802 N Grayhawk Dr, Scottsdale, AZ 85255, USA","","0","new","google_places","","","2026-02-27T03:33:52.000Z"
"55","","","","erik@unitedcontractinggroup.com","(602) 962-8428","United Roofing and General Contracting","www.unitedcontractinggroup.com","Home Services","","7729 E Greenway Rd # 100, Scottsdale, AZ 85260, USA","US","4.9","268","7729 E Greenway Rd # 100, Scottsdale, AZ 85260, USA","","0","new","google_places","","","2026-02-27T03:33:52.000Z"
"56","","","","john@irishroofingcompany.com","(480) 613-8815","Irish Roofing Company","www.irishroofingcompany.com","Home Services","","7377 E Doubletree Ranch Rd a 280, Scottsdale, AZ 85258, USA","US","4.9","173","7377 E Doubletree Ranch Rd a 280, Scottsdale, AZ 85258, USA","","0","new","google_places","","","2026-02-27T03:33:52.000Z"
"57","","","","info@tiptoproofingservice.com","(480) 877-1643","Tip Top Roofing Service","tiptoproofingservice.com","Home Services","","6830 E 5th Ave Suite #205, Scottsdale, AZ 85251, USA","US","5","111","6830 E 5th Ave Suite #205, Scottsdale, AZ 85251, USA","","0","new","google_places","","","2026-02-27T03:33:52.000Z"
"58","","","","admin@acclaimedroofingaz.com","(480) 454-7033","Acclaimed Roofing Scottsdale | Residential & Commercial","acclaimedroofingaz.com","Home Services","","6619 N Scottsdale Rd #7, Scottsdale, AZ 85250, USA","US","4.9","121","6619 N Scottsdale Rd #7, Scottsdale, AZ 85250, USA","","0","new","google_places","","","2026-02-27T03:33:52.000Z"
"59","","","","info@hailcoroofing.com","(480) 582-3122","Hailco Roofing","hailcoroofing.com","Home Services","","7655 E Redfield Rd STE 130, Scottsdale, AZ 85260, USA","US","4.9","238","7655 E Redfield Rd STE 130, Scottsdale, AZ 85260, USA","","0","new","google_places","","","2026-02-27T03:33:52.000Z"
"60","","","","","(480) 716-4437","Scottsdale Roofing Solutions","scottsdaleroofingsolutions.com","Home Services","","6300 N Scottsdale Rd, Scottsdale, AZ 85253, USA","US","5","19","6300 N Scottsdale Rd, Scottsdale, AZ 85253, USA","","0","new","google_places","","","2026-02-27T03:33:52.000Z"
"41","","","","info@dodgeelectric.com","(480) 210-6058","Dodge Electric","dodgeelectric.com/?utm_campaign=gmb","Home Services","","3215 N Arizona Ave Suite B12, Chandler, AZ 85225, USA","US","4.9","322","3215 N Arizona Ave Suite B12, Chandler, AZ 85225, USA","","0","new","google_places","","","2026-02-26T02:05:07.000Z"
"42","","","","","(480) 863-5910","Bleuwave Electrical, LLC","phxazelectrician.com","Home Services","","2350 E Germann Rd Suite 26B, Chandler, AZ 85286, USA","US","4.8","147","2350 E Germann Rd Suite 26B, Chandler, AZ 85286, USA","","0","new","google_places","","","2026-02-26T02:05:07.000Z"
"43","","","","","(480) 798-3357","Blue State Electric LLC","www.bluestateelectric.com","Home Services","","3400 N Arizona Ave #108, Chandler, AZ 85225, USA","US","5","169","3400 N Arizona Ave #108, Chandler, AZ 85225, USA","","0","new","google_places","","","2026-02-26T02:05:07.000Z"
"44","","","","","(480) 582-1249","Mr. Electric of Phoenix Metro","mrelectric.com/phoenix-metro/?cid=LSTL_MRE000196&utm_source=gmb&utm_campaign=local&utm_medium=organic","Home Services","","9831 S 51st St #C115, Phoenix, AZ 85044, USA","US","4.9","1245","9831 S 51st St #C115, Phoenix, AZ 85044, USA","","0","new","google_places","","","2026-02-26T02:05:07.000Z"
"45","","","","","(602) 781-2097","Cactus Valley Electrical","www.cactusvalleyelectrical.com","Home Services","","1710 E Germann Rd #14A, Chandler, AZ 85286, USA","US","4.9","507","1710 E Germann Rd #14A, Chandler, AZ 85286, USA","","0","new","google_places","","","2026-02-26T02:05:07.000Z"
"46","","","","","(602) 566-9503","Bolt Electric","www.boltelectricaz.com","Home Services","","145 E Comstock Dr #2, Chandler, AZ 85225, USA","US","4.9","397","145 E Comstock Dr #2, Chandler, AZ 85225, USA","","0","new","google_places","","","2026-02-26T02:05:07.000Z"
"47","","","","","(602) 810-2552","Rabago Electric LLC","www.rabagoelectric.com","Home Services","","24440 S. 122nd St, Chandler, AZ 85249, USA","US","5","203","24440 S. 122nd St, Chandler, AZ 85249, USA","","0","new","google_places","","","2026-02-26T02:05:07.000Z"
"48","","","","","(480) 283-1000","Top Choice Electric","topchoiceelectric.net","Home Services","","100 S Hamilton St, Chandler, AZ 85225, USA","US","4.8","155","100 S Hamilton St, Chandler, AZ 85225, USA","","0","new","google_places","","","2026-02-26T02:05:07.000Z"
"49","","","","","(480) 939-3336","Your Chandler Electrician","","Home Services","","2139 N Yucca Ct, Chandler, AZ 85224, USA","US","4.8","38","2139 N Yucca Ct, Chandler, AZ 85224, USA","","30","new","google_places","","","2026-02-26T02:05:07.000Z"
"50","","","","","(602) 714-8811","Broggie Electric","www.broggieelectric.com","Home Services","","1191 S Crossbow Pl, Chandler, AZ 85286, USA","US","5","38","1191 S Crossbow Pl, Chandler, AZ 85286, USA","","0","new","google_places","","","2026-02-26T02:05:07.000Z"
"31","","","","","(928) 920-0827","Yuma Painting","","Home Services","","5050 Mesa View St, Yuma, AZ 85365, USA","US","4.8","28","5050 Mesa View St, Yuma, AZ 85365, USA","","30","new","google_places","","","2026-02-25T21:42:25.000Z"
"32","","","","","(928) 615-7240","Sunquest Painting LLC","www.sunquestpainting.com","Home Services","1-10","2484 S Louise Ave, Yuma, AZ 85365, USA","US","5","41","2484 S Louise Ave, Yuma, AZ 85365, USA","","0","new","google_places","","Description: Sunquest Painting LLC is a locally owned and operated painting company based in Yuma, AZ, providing professional residential and commercial painting services with a focus on quality and customer satisfaction. Services: Residential painting (interior & exterior), Commercial painting (interior & exterior), Cabinet refinishing, Stucco repair, Drywall repair, Elastomeric coatings, Power washing, Epoxy coatings (garage floors) Specialties: Comprehensive range of services including residential and commercial painting, cabinet refinishing, stucco and drywall repair, and specialized coatings like elastomeric and epoxy for floors. Target Market: Homeowners and businesses in Yuma, AZ, and surrounding areas","2026-02-25T21:42:25.000Z"
"33","","","","","(928) 344-0932","Desert Best Painting LLC","www.desertbestpainting.com","Home Services","","250 W 24th St, Yuma, AZ 85364, USA","US","4.5","15","250 W 24th St, Yuma, AZ 85364, USA","","0","new","google_places","","","2026-02-25T21:42:25.000Z"
"34","","","","","(928) 257-2555","Sierra Coatings LLC","","Home Services","","5865 E View Pkwy, Yuma, AZ 85365, USA","US","5","6","5865 E View Pkwy, Yuma, AZ 85365, USA","","50","new","google_places","","","2026-02-25T21:42:25.000Z"
"35","","","","","(928) 247-5183","Schmidgall & Sons Drywall & Painting","www.schmidgallandsons.com","Home Services","11-50","14348 E 28th Pl, Yuma, AZ 85367, USA","US","4.4","11","14348 E 28th Pl, Yuma, AZ 85367, USA","","0","new","google_places","","Description: Schmidgall & Sons Drywall & Painting is a family-owned and operated business in Yuma, AZ, specializing in comprehensive drywall and painting solutions for both residential and commercial clients. Services: Drywall Installation,Drywall Repair,Interior Painting,Exterior Painting,Texture Matching,Popcorn & Acoustic Ceiling Removal,Water Damage Repair,Stucco Repair Specialties: Quality craftsmanship,Attention to detail,Customer satisfaction,Over 30 years of experience,Residential and commercial expertise Target Market: Residential and commercial clients in Yuma, Arizona, and surrounding areas","2026-02-25T21:42:25.000Z"
"36","","","","","(928) 446-3869","The Right Choice Construction LLC","","Home Services","","4339 W 23rd Ln, Yuma, AZ 85364, USA","US","4.8","25","4339 W 23rd Ln, Yuma, AZ 85364, USA","","30","new","google_places","","","2026-02-25T21:42:25.000Z"
"37","","","","","(888) 986-2822","TCB Painting","tcbpainting.com","Home Services","","Yuma, AZ 85364, USA","US","5","1","Yuma, AZ 85364, USA","","30","new","google_places","","","2026-02-25T21:42:25.000Z"
"38","","","","","(928) 271-3098","Ayala’s Painting","","Home Services","","104 S 22nd Ave, Yuma, AZ 85364, USA","US","5","1","104 S 22nd Ave, Yuma, AZ 85364, USA","","60","new","google_places","","","2026-02-25T21:42:25.000Z"
"39","","","","","(928) 726-2664","M T Pro Paint & Remodeling Inc","","Home Services","","Yuma, AZ 85365, USA","US","5","1","Yuma, AZ 85365, USA","","60","new","google_places","","","2026-02-25T21:42:25.000Z"
"40","","","","","(928) 726-3872","Denny Garcia Painting","","Home Services","","2023 E 26th St, Yuma, AZ 85365, USA","US","4.5","4","2023 E 26th St, Yuma, AZ 85365, USA","","60","new","google_places","","","2026-02-25T21:42:25.000Z"
"21","","","","office@mmpc-az.com","(520) 348-2288","Mule Mountain Pest Control","www.mmpc-az.com","Home Services","1-10","4039 AZ-92, Sierra Vista, AZ 85650, USA","US","4.8","296","4039 AZ-92, Sierra Vista, AZ 85650, USA","","0","new","google_places","","Description: Mule Mountain Pest Control is a family-owned and operated business serving Cochise County, Arizona, specializing in comprehensive residential and commercial pest control solutions. They are committed to effective pest management and customer satisfaction. Services: Residential Pest Control, Commercial Pest Control, Termite Control (Subterranean and Drywood), Rodent Control, Scorpion Control, Spider Control, Ant Control, Roach Control, Bee & Wasp Removal, Pigeon Control, Bed Bug Treatment, Mosquito Control, Tick & Flea Control, Gopher & Vole Control. Specialties: Family-owned and operated, serving Cochise County since 2004, comprehensive pest control for a wide range of pests, experienced and certified technicians. Target Market: Residential and commercial customers in Cochise County, Arizona. Description: Mule Mountain Pest Control is a locally owned and family-operated business providing comprehensive pest management and control services to residential and commercial clients in Cochise County, Arizona, for over 30 years. Services: Residential Pest Control, Commercial Pest Control, Termite Control, Weed Control, Bee Removal, Scorpion Control, Ant Control, Roach Control, Spider Control, Rodent Control, Bed Bug Control, Bird Control, Mosquito Control Specialties: Locally owned and family-operated, over 30 years of experience, comprehensive pest management solutions, experienced and certified technicians, free estimates, customer satisfaction guarantee Target Market: Residential and commercial clients in Cochise County, Arizona, including Sierra Vista, Huachuca City, Benson, Tombstone, Palominas, Hereford, Bisbee, and Douglas Description: Mule Mountain Pest Control is a locally and family-owned business offering effective and eco-friendly pest control solutions for homes and businesses. Services: General pest control, termite control, rodent control, scorpion control, bee removal, mosquito control. Specialties: Family-owned and operated, local expertise, eco-friendly pest control, residential and commercial services. Target Market: Residential and commercial clients in Cochise County and Santa Cruz County, AZ.","2026-02-25T19:23:52.000Z"
"22","","","","","(520) 458-5095","Truly Nolen Pest & Termite Control","locations.trulynolen.com/az/sierravista/sierra-vista-025.html?utm_source=local&utm_medium=organic&utm_campaign=googlemybusiness","Home Services","1001-5000","200 E Myer Dr, Sierra Vista, AZ 85635, USA","US","4.8","619","200 E Myer Dr, Sierra Vista, AZ 85635, USA","","0","new","google_places","","Description: Truly Nolen Pest & Termite Control is a family-owned company with over 80 years of experience, providing comprehensive pest and termite solutions for residential and commercial clients. Services: Pest Control (ants, spiders, roaches, scorpions), Termite Control, Rodent Control, Bee Control, Mosquito Control, Commercial Pest Control. Specialties: Environmentally-friendly pest control, innovative 4 Seasons Pest Control program, family-owned business, over 80 years of experience, certified technicians, money-back guarantee. Target Market: Residential and commercial clients in Sierra Vista, AZ and surrounding areas. Description: Truly Nolen Pest & Termite Control is a long-standing, family-owned company offering comprehensive pest management solutions for residential and commercial clients. Services: Pest Control, Termite Control, Rodent Control, Bee & Wasp Removal, Mosquito Control, Ant Control, Scorpion Control, Bed Bug Control, Wildlife Removal Specialties: Four Seasons Pest Control program, free inspections, highly trained technicians, innovative and effective solutions Target Market: Residential and commercial property owners Description: Truly Nolen Pest & Termite Control is a family-owned and operated company that has been providing comprehensive pest and termite control services since 1938. They offer environmentally-friendly solutions for a wide range of pests to residential and commercial clients. Services: General pest control, termite control, rodent control, bee control, mosquito control, bed bug control, commercial pest control Specialties: Four Seasons Pest Control program, Total Termite Protection Plan, environmentally-friendly pest control methods, family-owned and operated, extensive industry experience, guaranteed services Target Market: Residential and commercial clients seeking comprehensive pest and termite management solutions","2026-02-25T19:23:52.000Z"
"23","","","","","(520) 249-6931","Direct Pest and Termite Control","directpestandtermitecontrol.com","Home Services","1-10","2160 E Fry Blvd Suite 246, Sierra Vista, AZ 85635, USA","US","4.6","16","2160 E Fry Blvd Suite 246, Sierra Vista, AZ 85635, USA","","0","new","google_places","","Description: Direct Pest and Termite Control is a family-owned and operated company providing comprehensive residential and commercial pest management solutions in Sierra Vista, AZ, and surrounding areas. Services: General Pest Control, Termite Control, Rodent Control, Bee Removal, Weed Control, Bed Bug Control, Wildlife Trapping Specialties: Family-owned and operated, comprehensive residential and commercial pest control, expertise in termite and rodent control, local service in Sierra Vista, AZ Target Market: Residential and commercial clients in Sierra Vista, AZ, and surrounding communities Description: Direct Pest and Termite Control is a family-owned and operated business providing comprehensive pest and termite control services to residential and commercial clients. Services: Pest Control, Termite Control, Bed Bug Control, Rodent Control, Weed Control, Bird Control, Commercial Pest Control Specialties: Family-owned and operated, local expertise, licensed and insured, comprehensive pest and termite solutions, customer satisfaction focus. Target Market: Residential and commercial property owners in Sierra Vista, AZ, and surrounding communities. Description: Direct Pest and Termite Control is a locally owned and operated business offering comprehensive pest and termite management solutions to residential and commercial clients in Sierra Vista and surrounding areas of Arizona. Services: Pest control, termite control, scorpion control, rodent control, bee removal, general insect control Specialties: Local and family-owned, experienced technicians, comprehensive pest management, focus on Arizona-specific pests like scorpions and termites, licensed and insured. Target Market: Residential and commercial clients in Sierra Vista, Hereford, Huachuca City, Benson, St. David, Whetstone, Palominas, Bisbee, Naco, and Sonoita, AZ.","2026-02-25T19:23:52.000Z"
"24","","","","","(520) 523-8818","Hydra Pest Control","","Home Services","","2949 Mountain Ridge Dr, Sierra Vista, AZ 85650, USA","US","4.9","211","2949 Mountain Ridge Dr, Sierra Vista, AZ 85650, USA","","30","new","google_places","","","2026-02-25T19:23:52.000Z"
"25","","","","","(520) 458-6077","Sierra Vista Pest & Termite Control LLC","www.svpestandtermite.com","Home Services","1-10","120 N 7th St, Sierra Vista, AZ 85635, USA","US","4.2","32","120 N 7th St, Sierra Vista, AZ 85635, USA","","0","new","google_places","","Description: Sierra Vista Pest & Termite Control LLC is a locally owned and operated company providing comprehensive pest management solutions for residential and commercial clients in Sierra Vista and Cochise County, Arizona. Services: General Pest Control, Termite Control, Rodent Control, Scorpion Control, Bee Removal, Weed Control Specialties: Locally owned and operated, Integrated Pest Management (IPM), licensed, bonded, and insured, serving the local community Target Market: Residential and commercial clients in Sierra Vista and Cochise County, Arizona Description: Sierra Vista Pest & Termite Control LLC is a locally owned and operated company providing comprehensive pest and termite control solutions to residential and commercial clients. Services: Pest Control, Termite Control, Rodent Control, Bee & Wasp Removal, Scorpion Control, Weed Control Specialties: Local expertise, over 30 years of experience, family-owned and operated, licensed, bonded, and insured, Integrated Pest Management (IPM) approach Target Market: Residential and commercial properties in Sierra Vista, Huachuca City, Hereford, Palominas, Whetstone, and surrounding areas in Arizona.","2026-02-25T19:23:52.000Z"
"26","","","","","(520) 559-9772","A&E Pest Control LLC","","Home Services","","4990 Calle Cumbre, Sierra Vista, AZ 85635, USA","US","5","44","4990 Calle Cumbre, Sierra Vista, AZ 85635, USA","","30","new","google_places","","","2026-02-25T19:23:52.000Z"
"27","","","","","(520) 214-5843","All Pro Pest Management Service","www.allpropests.com","Home Services","1-10","114 N Huachuca Blvd, Huachuca City, AZ 85616, USA","US","4.5","25","114 N Huachuca Blvd, Huachuca City, AZ 85616, USA","","0","new","google_places","","Description: All Pro Pest Management Service is a family-owned and operated company providing professional and affordable pest control services to residential and commercial clients in Southern Arizona. Services: Residential pest control, Commercial pest control, Termite control, Bed bug control, Weed control, Rodent control, Bird control, specializing in ants, spiders, roaches, scorpions, crickets, wasps, bees, fleas, and ticks. Specialties: Family-owned and operated, comprehensive pest management, serving Southern Arizona, offering solutions for a wide range of pests including general insects, termites, bed bugs, rodents, birds, and weeds. Target Market: Homeowners and businesses in Southern Arizona, USA.","2026-02-25T19:23:52.000Z"
"28","","","","","(520) 266-3250","Mr. Jake’s Pest Control Co.","www.facebook.com/profile.php?id=61572378310281","Home Services","1-10","1315 S Vía Cabrillo, Sierra Vista, AZ 85635, USA","US","5","8","1315 S Vía Cabrillo, Sierra Vista, AZ 85635, USA","","20","new","google_places","","Description: Mr. Jake’s Pest Control Co. is a local home services business providing pest management solutions. Services: Pest control services Target Market: Residential and commercial clients in Sierra Vista, AZ and surrounding areas","2026-02-25T19:23:52.000Z"
"29","","","","","(520) 467-6862","Total Dezinfect Sierra Vista","","Home Services","","999 E Fry Blvd, Sierra Vista, AZ 85635, USA","US","4.7","12","999 E Fry Blvd, Sierra Vista, AZ 85635, USA","","30","new","google_places","","","2026-02-25T19:23:52.000Z"
"30","Tim?","","","","(520) 459-6953","Last Call Pest Control","","Home Services","","4755 Rancho Mesa, Sierra Vista, AZ 85635, USA","US","5","3","4755 Rancho Mesa, Sierra Vista, AZ 85635, USA","","60","new","google_places","","last facebook entry 3 years ago. No website? Sent site and inquiry 3_6_26","2026-02-25T19:23:52.000Z"
"11","","","","","(623) 250-2584","Before & After Plumbing and Drain, LLC","www.beforeandafterplumbing.com/?utm_source=GBP&utm_medium=organic&utm_campaign=gbp","Home Services","11-50","13059 W Grand Ave #9, Surprise, AZ 85374, USA","US","4.9","966","13059 W Grand Ave #9, Surprise, AZ 85374, USA","","0","new","google_places","","Description: Before & After Plumbing and Drain, LLC is a family-owned and operated plumbing company based in Surprise, AZ, providing comprehensive residential and commercial plumbing services. Services: Drain cleaning, water heater repair and installation, water and sewer line services, leak detection, plumbing fixture services, water treatment, gas line services, and 24/7 emergency plumbing. Specialties: 24/7 emergency services, upfront pricing, 100% satisfaction guarantee, licensed and insured technicians, and comprehensive residential and commercial plumbing solutions. Target Market: Residential and commercial customers in Surprise, Sun City, Sun City West, Peoria, Glendale, El Mirage, Phoenix, Avondale, Goodyear, Buckeye, Litchfield Park, Waddell, Wittmann, and surrounding areas in Arizona. Description: Before & After Plumbing and Drain, LLC is a family-owned and operated plumbing company based in Surprise, AZ, offering comprehensive plumbing and drain solutions for residential customers. Services: Drain cleaning, water heater repair and installation (tankless included), sewer line repair and replacement, water line repair and replacement, leak detection, plumbing fixture repair and installation, water filtration systems, gas line repair and installation, slab leak repair, and emergency plumbing. Specialties: 24/7 emergency plumbing services, slab leak repair, expertise in water heaters (including tankless), licensed and insured services, and a commitment to customer satisfaction. Target Market: Residential customers in Surprise, AZ, and the surrounding areas.","2026-02-25T10:14:47.000Z"
"12","","","","","(623) 584-4706","Emergency Master Plumbing & Air","emergencymasterplumbingair.com","Home Services","11-50","16200 N 154th Dr, Surprise, AZ 85374, USA","US","4.9","728","16200 N 154th Dr, Surprise, AZ 85374, USA","","0","new","google_places","","Description: Emergency Master Plumbing & Air is a family-owned and operated home services company providing 24/7 plumbing, air conditioning, and heating repair, installation, and maintenance services. Services: Plumbing (repairs, installations, water heaters, sewer lines, leak detection), AC (repair, installation, maintenance), Heating (repair, installation, maintenance), 24/7 emergency services. Specialties: 24/7 emergency services, comprehensive plumbing and HVAC solutions, licensed and insured technicians, customer satisfaction guarantee, family-owned and operated. Target Market: Residential customers in Surprise, Sun City, Peoria, Glendale, El Mirage, Scottsdale, Phoenix, and the greater Phoenix metropolitan area. Description: Emergency Master Plumbing & Air is a family-owned and operated company providing comprehensive plumbing, AC, and heating services to residential and commercial customers in the Phoenix Valley area. Services: Plumbing repair and installation (drain cleaning, water heaters, leak detection, sewer lines, water treatment), AC repair and installation, Heating repair and installation (furnaces, heat pumps, ductless mini-splits), Indoor Air Quality, and 24/7 emergency services. Specialties: 24/7 emergency plumbing and HVAC services, licensed/bonded/insured, highly trained technicians, family-owned and operated, serving the Phoenix Valley since 2008. Target Market: Residential and commercial customers in Surprise, Phoenix, Glendale, Peoria, Sun City, and the surrounding Phoenix Valley areas.","2026-02-25T10:14:47.000Z"
"14","","","","","(623) 220-5602","Pro Plumbers Surprise","","Home Services","","16525 N 165th Ave, Surprise, AZ 85388, USA","US","5","29","16525 N 165th Ave, Surprise, AZ 85388, USA","","30","new","google_places","","","2026-02-25T10:14:47.000Z"
"15","","","","","(623) 738-6171","The Family Plumber, LLC","www.callthefamilyplumber.com/?utm_source=GMBlisting&utm_medium=Organic&utm_campaign=GMBwebsite","Home Services","1-10","17675 W Pershing St, Surprise, AZ 85388, USA","US","5","386","17675 W Pershing St, Surprise, AZ 85388, USA","","0","new","google_places","","Description: The Family Plumber, LLC is a veteran and family-owned plumbing company based in Surprise, AZ, providing honest, reliable, and affordable residential plumbing solutions. Services: Water heater repair & replacement, drain cleaning, water treatment systems, leak detection, sewer line repair, faucet & fixture services, toilet repair, garbage disposal services, pipe repair, and slab leak repair. Specialties: 24/7 emergency plumbing services, veteran and family-owned and operated, licensed, bonded, and insured, focus on honesty and customer service. Target Market: Residential customers in Surprise, AZ, and the surrounding greater Phoenix metropolitan area. Description: The Family Plumber LLC is a family-owned and operated plumbing company serving Surprise, AZ and the surrounding areas. They are dedicated to providing honest, reliable, and high-quality plumbing services for both residential and commercial clients. Services: Water Heater Repair & Installation,Tankless Water Heaters,Water Softeners,Drain Cleaning,Sewer Line Repair & Replacement,Water Line Repair & Replacement,Gas Line Repair & Installation,Leak Detection & Repair,Toilets, Faucets & Sinks,Garbage Disposals,Water Filtration Systems,Emergency Plumbing Specialties: 24/7 Emergency Plumbing,Family-owned and operated,Licensed, bonded, and insured,Master Plumber on staff,Residential and commercial plumbing solutions Target Market: Residential and commercial clients in Surprise, AZ and surrounding areas including Peoria, Glendale, Sun City, El Mirage, Litchfield Park, Goodyear, Avondale, Phoenix, and Scottsdale.","2026-02-25T10:14:47.000Z"
"16","","","","","(623) 214-7161","Faucet Doctor Plumbing and HVAC Services","www.faucetdoctorplumbingaz.com","Home Services","","28214 N 168th Ave, Surprise, AZ 85387, USA","US","4.9","1135","28214 N 168th Ave, Surprise, AZ 85387, USA","","0","new","google_places","","","2026-02-25T10:14:47.000Z"
"17","","","","ppr@patrioticplumbingandrooter.com","(602) 755-9373","Patriotic Plumbing And Rooter","patrioticplumbingandrooter.com","Home Services","","14208 N 138th Dr, Surprise, AZ 85379, USA","US","4.9","307","14208 N 138th Dr, Surprise, AZ 85379, USA","","0","new","google_places","","","2026-02-25T10:14:47.000Z"
"18","","","","info@pridemarkplumbing.com","(623) 239-2606","Pridemark Plumbing","pridemarkplumbing.com/?utm_source=gmb&utm_medium=social&utm_campaign=1seo_gmb","Home Services","","15151 W Dahlia Dr, Surprise, AZ 85379, USA","US","5","320","15151 W Dahlia Dr, Surprise, AZ 85379, USA","","0","new","google_places","","","2026-02-25T10:14:47.000Z"
"19","","","","blake@theplumberguy.com","(623) 233-4350","The Plumber Guy","www.theplumberguy.com","Home Services","","9162 W Cactus Rd ste c, Peoria, AZ 85381, USA","US","4.9","3465","9162 W Cactus Rd ste c, Peoria, AZ 85381, USA","","0","new","google_places","","","2026-02-25T10:14:47.000Z"
"20","","","","service@kingcharles.com","(623) 223-8065","King Charles Plumbing & Air Conditioning","kingcharles.com/?utm_source=gmb&utm_medium=surprise","Home Services","","14924 W Lamoille Dr, Surprise, AZ 85374, USA","US","5","627","14924 W Lamoille Dr, Surprise, AZ 85374, USA","","0","new","google_places","","","2026-02-25T10:14:47.000Z"
"1","","","","service@areaplumbing.com","(928) 344-0868","Area Plumbing","www.areaplumbing.com","Home Services","11-50","2457 E Palo Verde St, Yuma, AZ 85365, USA","US","4.9","1404","2457 E Palo Verde St, Yuma, AZ 85365, USA","","0","new","google_places","","Description: Area Plumbing is a family-owned and operated business providing comprehensive residential and commercial plumbing services to the Yuma, AZ community. Services: Residential and commercial plumbing, drain cleaning, sewer line repair and replacement, water heater repair and installation, leak detection, water treatment systems, gas line services, new construction and remodeling plumbing, emergency plumbing. Specialties: Emergency plumbing, tankless water heater expertise, water treatment systems, and a commitment to customer satisfaction, serving the community for over 30 years. Target Market: Residential and commercial clients in the Yuma, AZ community.","2026-02-25T02:47:57.000Z"
"2","","","","","(928) 502-1522","Advanced Plumbing Solutions LLC","www.advancedplumbingyuma.com","Home Services","1-10","3550 W 21st St, Yuma, AZ 85364, USA","US","5","96","3550 W 21st St, Yuma, AZ 85364, USA","","0","new","google_places","","Description: Advanced Plumbing Solutions LLC is a locally owned and operated plumbing company in Yuma, AZ, specializing in both residential and commercial plumbing solutions. Services: Water heater repair and installation, drain cleaning, leak detection, toilet repair, faucet repair, garbage disposal services, repiping, water softeners, backflow prevention, grease trap services, and emergency plumbing. Specialties: 24/7 emergency plumbing, free estimates, experienced and licensed plumbers, high-quality workmanship, and exceptional customer service. Target Market: Residential and commercial customers in Yuma, AZ and surrounding areas.","2026-02-25T02:47:57.000Z"
"3","","","","info@phdyuma.com","(928) 597-1623","PHD Plumbing","www.phdyuma.com/?utm_source=gmb","Home Services","1-10","4275 30th Pl, Yuma, AZ 85365, USA","US","4.8","196","4275 30th Pl, Yuma, AZ 85365, USA","","0","new","google_places","","Description: PHD Plumbing is a locally owned and operated plumbing service provider in Yuma, AZ, offering a comprehensive range of residential and commercial plumbing solutions. Services: Water heater repair and installation, drain cleaning, sewer line repair, leak detection, fixture repair and installation, water line repair, garbage disposal services, gas line repair, water treatment, and 24/7 emergency plumbing. Specialties: 24/7 emergency service, upfront pricing, licensed and insured technicians, customer satisfaction guarantee, and locally owned and operated. Target Market: Homeowners and businesses in Yuma, AZ and surrounding areas.","2026-02-25T02:47:57.000Z"
"4","","","","","(928) 366-1770","Above All Plumbing LLC","aboveallplumbingyuma.com","Home Services","1-10","2186 E 15th Pl, Yuma, AZ 85365, USA","US","4.9","296","2186 E 15th Pl, Yuma, AZ 85365, USA","","0","new","google_places","","Description: Above All Plumbing LLC is a locally owned and operated company in Yuma, Arizona, providing comprehensive residential and commercial plumbing services. They offer reliable and experienced solutions, including 24/7 emergency plumbing. Services: Water Heater Repair & Installation, Drain Cleaning, Sewer Line Repair & Replacement, Water Leak Detection & Repair, Fixture Repair & Installation, Pipe Repair & Repiping, Water Treatment Systems, Gas Line Repair & Installation, Slab Leak Repair, Emergency Plumbing. Specialties: 24/7 Emergency Plumbing, Residential & Commercial Services, Water Heater Services, Drain & Sewer Line Expertise, Slab Leak Repair. Target Market: Residential and commercial clients in Yuma, Arizona, and surrounding areas.","2026-02-25T02:47:57.000Z"
"5","","","","","(928) 323-6418","Jorge's Plumbing LLC","www.jorgesplumbing.com","Home Services","1-10","2511 E 24th St Suite C, Yuma, AZ 85365, USA","US","4.9","235","2511 E 24th St Suite C, Yuma, AZ 85365, USA","","0","new","google_places","","Description: Jorge's Plumbing LLC is a family-owned and operated plumbing company based in Yuma, Arizona, providing comprehensive residential and commercial plumbing services. Services: Residential Plumbing, Commercial Plumbing, Water Heater Repair & Installation, Drain Cleaning, Sewer Line Repair & Replacement, Leak Detection & Repair, Fixture Installation & Repair, Water Treatment & Filtration, Gas Line Services, Emergency Plumbing Specialties: Emergency plumbing, comprehensive residential and commercial plumbing solutions, family-owned and operated Target Market: Residential and commercial customers in Yuma, Arizona, and surrounding areas","2026-02-25T02:47:57.000Z"
"6","","","","","(928) 900-0893","Roto-Rooter Plumbing Yuma - 24/7","www.rotorooter.com/yumacountyaz","Home Services","11-50","2115 S Arizona Ave #8, Yuma, AZ 85364, USA","US","4.9","265","2115 S Arizona Ave #8, Yuma, AZ 85364, USA","","0","new","google_places","","Description: Roto-Rooter Plumbing Yuma provides 24/7 residential and commercial plumbing, drain cleaning, and water damage restoration services in Yuma, AZ. Services: Drain cleaning, water heater repair, sewer line repair, pipe repair, leak detection, water line services, backflow testing, gas line repair, commercial plumbing, water damage restoration, sump pump services. Specialties: 24/7 emergency service, no extra charge for nights/weekends/holidays, guaranteed work, state-of-the-art equipment, free estimates. Target Market: Residential and commercial customers in Yuma, AZ and surrounding areas.","2026-02-25T02:47:57.000Z"
"8","","","","","(928) 722-5800","Mission Plumbing LLC","","Home Services","","2411 W County 16th St, Somerton, AZ 85350, USA","US","4.8","84","2411 W County 16th St, Somerton, AZ 85350, USA","","30","new","google_places","","","2026-02-25T02:47:57.000Z"
"9","","","","","(928) 329-1048","All Affordable Plumbing, Restoration, and Air Conditioning","jwc0423.wixsite.com/allaffordable","Home Services","","2470 S 2nd Ave, Yuma, AZ 85364, USA","US","3.9","55","2470 S 2nd Ave, Yuma, AZ 85364, USA","","20","new","google_places","","","2026-02-25T02:47:57.000Z"
"10","","","","","(928) 344-1860","A A Action Plumbing Co","","Home Services","","2947 S Kish Ave, Yuma, AZ 85365, USA","US","4.5","16","2947 S Kish Ave, Yuma, AZ 85365, USA","","30","new","google_places","","","2026-02-25T02:47:57.000Z"